,Pattern,Metric,Value
0,P1,Reward,-1240.0
1,P1,Reward,-1439.0
2,P1,Reward,-1322.0
3,P1,Reward,-1203.0
4,P1,Reward,-1299.0
5,P1,Reward,-1217.0
6,P1,Reward,-1505.0
7,P1,Reward,-1513.0
8,P1,Reward,-1508.0
9,P1,Reward,-1415.0
10,P1,Reward,-1205.0
11,P1,Reward,-1488.0
12,P1,Reward,-1499.0
13,P1,Reward,-1353.0
14,P1,Reward,-1613.0
15,P1,Reward,-1353.0
16,P1,Reward,-1319.0
17,P1,Reward,-1386.0
18,P1,Reward,-1326.0
19,P1,Reward,-1320.0
20,P1,Reward,-1627.0
21,P1,Reward,-1247.0
22,P1,Reward,-1315.0
23,P1,Reward,-1427.0
24,P1,Reward,-1422.0
25,P1,Reward,-1290.0
26,P1,Reward,-1661.0
27,P1,Reward,-1260.0
28,P1,Reward,-1443.0
29,P1,Reward,-1288.0
30,P1,Reward,-1451.0
31,P1,Reward,-1553.0
32,P1,Reward,-1495.0
33,P1,Reward,-1500.0
34,P1,Reward,-1469.0
35,P1,Reward,-1557.0
36,P1,Reward,-1333.0
37,P1,Reward,-1185.0
38,P1,Reward,-1859.0
39,P1,Reward,-1191.0
40,P1,Reward,-1657.0
41,P1,Reward,-1424.0
42,P1,Reward,-1314.0
43,P1,Reward,-1446.0
44,P1,Reward,-1484.0
45,P1,Reward,-1534.0
46,P1,Reward,-1262.0
47,P1,Reward,-1511.0
48,P1,Reward,-1360.0
49,P1,Reward,-1526.0
50,P1,Reward,-1385.0
51,P1,Reward,-1129.0
52,P1,Reward,-1539.0
53,P1,Reward,-1492.0
54,P1,Reward,-1494.0
55,P1,Reward,-1280.0
56,P1,Reward,-1257.0
57,P1,Reward,-1232.0
58,P1,Reward,-1482.0
59,P1,Reward,-1357.0
60,P1,Reward,-1454.0
61,P1,Reward,-1429.0
62,P1,Reward,-1497.0
63,P1,Reward,-1334.0
64,P1,Reward,-1301.0
65,P1,Reward,-1425.0
66,P1,Reward,-1384.0
67,P1,Reward,-1331.0
68,P1,Reward,-1410.0
69,P1,Reward,-1411.0
70,P1,Reward,-1258.0
71,P1,Reward,-1314.0
72,P1,Reward,-1304.0
73,P1,Reward,-1165.0
74,P1,Reward,-1407.0
75,P1,Reward,-1330.0
76,P1,Reward,-1343.0
77,P1,Reward,-1455.0
78,P1,Reward,-1426.0
79,P1,Reward,-1455.0
80,P1,Reward,-1638.0
81,P1,Reward,-1496.0
82,P1,Reward,-1188.0
83,P1,Reward,-2114.0
84,P1,Reward,-1161.0
85,P1,Reward,-1693.0
86,P1,Reward,-1194.0
87,P1,Reward,-1498.0
88,P1,Reward,-1285.0
89,P1,Reward,-1427.0
90,P1,Reward,-1516.0
91,P1,Reward,-1682.0
92,P1,Reward,-1615.0
93,P1,Reward,-1356.0
94,P1,Reward,-1377.0
95,P1,Reward,-1418.0
96,P1,Reward,-1651.0
97,P1,Reward,-1321.0
98,P1,Reward,-1436.0
99,P1,Reward,-1354.0
100,P1,Avg Wait,11.721153846153848
101,P1,Avg Wait,12.298286937901505
102,P1,Avg Wait,12.28819523269013
103,P1,Avg Wait,11.24250851305335
104,P1,Avg Wait,12.447882352941184
105,P1,Avg Wait,11.462950058072007
106,P1,Avg Wait,13.427445652173907
107,P1,Avg Wait,14.531146572104024
108,P1,Avg Wait,13.747798377752021
109,P1,Avg Wait,12.763656633221832
110,P1,Avg Wait,11.228205128205119
111,P1,Avg Wait,13.454772475027736
112,P1,Avg Wait,12.962012987012985
113,P1,Avg Wait,12.261979752530953
114,P1,Avg Wait,14.234151785714305
115,P1,Avg Wait,12.60668202764978
116,P1,Avg Wait,12.120715096481279
117,P1,Avg Wait,13.376033057851247
118,P1,Avg Wait,11.963118527042576
119,P1,Avg Wait,12.365170454545462
120,P1,Avg Wait,14.581256952169065
121,P1,Avg Wait,11.899528301886788
122,P1,Avg Wait,12.528227699530513
123,P1,Avg Wait,13.032546082949299
124,P1,Avg Wait,13.922985781990532
125,P1,Avg Wait,12.257101280558773
126,P1,Avg Wait,14.661277777777768
127,P1,Avg Wait,12.211197604790426
128,P1,Avg Wait,13.427684563758394
129,P1,Avg Wait,11.99187643020596
130,P1,Avg Wait,13.484977324263028
131,P1,Avg Wait,13.882564377682407
132,P1,Avg Wait,12.938335158817086
133,P1,Avg Wait,14.163076036866343
134,P1,Avg Wait,13.398985343855696
135,P1,Avg Wait,13.807491856677535
136,P1,Avg Wait,12.860905840286046
137,P1,Avg Wait,11.97906976744187
138,P1,Avg Wait,15.827398720682302
139,P1,Avg Wait,11.613095238095232
140,P1,Avg Wait,14.980180180180179
141,P1,Avg Wait,12.949547511312218
142,P1,Avg Wait,12.54976825028969
143,P1,Avg Wait,13.235365853658552
144,P1,Avg Wait,13.689130434782596
145,P1,Avg Wait,14.020584926884137
146,P1,Avg Wait,12.476753864447083
147,P1,Avg Wait,13.741008018327598
148,P1,Avg Wait,12.377658371040727
149,P1,Avg Wait,13.512334070796454
150,P1,Avg Wait,12.81398401826484
151,P1,Avg Wait,10.272680412371143
152,P1,Avg Wait,14.13908371040724
153,P1,Avg Wait,13.020978627671527
154,P1,Avg Wait,13.587514124293774
155,P1,Avg Wait,11.847988505747125
156,P1,Avg Wait,12.232896305125166
157,P1,Avg Wait,11.850419161676651
158,P1,Avg Wait,12.95243243243243
159,P1,Avg Wait,12.200341685649198
160,P1,Avg Wait,13.693215507411635
161,P1,Avg Wait,12.970179372197306
162,P1,Avg Wait,13.671129943502825
163,P1,Avg Wait,11.692538126361658
164,P1,Avg Wait,11.676726190476186
165,P1,Avg Wait,13.0542730299667
166,P1,Avg Wait,13.395151869158866
167,P1,Avg Wait,12.18322072072072
168,P1,Avg Wait,12.497850055126781
169,P1,Avg Wait,12.934772727272735
170,P1,Avg Wait,11.535755478662056
171,P1,Avg Wait,12.07718894009216
172,P1,Avg Wait,12.743719806763279
173,P1,Avg Wait,12.23250950570342
174,P1,Avg Wait,13.088081395348826
175,P1,Avg Wait,11.721008869179604
176,P1,Avg Wait,12.698050458715608
177,P1,Avg Wait,13.168686868686866
178,P1,Avg Wait,12.49503275109171
179,P1,Avg Wait,13.354545454545452
180,P1,Avg Wait,14.14383333333333
181,P1,Avg Wait,13.230207197382772
182,P1,Avg Wait,10.88141176470588
183,P1,Avg Wait,18.319648737650933
184,P1,Avg Wait,11.083136792452828
185,P1,Avg Wait,15.35391061452514
186,P1,Avg Wait,11.46476190476191
187,P1,Avg Wait,13.296495071193878
188,P1,Avg Wait,12.279649122807024
189,P1,Avg Wait,13.94982373678024
190,P1,Avg Wait,13.10047318611989
191,P1,Avg Wait,14.819660460021915
192,P1,Avg Wait,14.195575221238933
193,P1,Avg Wait,12.831551724137936
194,P1,Avg Wait,12.650967007963587
195,P1,Avg Wait,13.465423728813569
196,P1,Avg Wait,14.559009483667017
197,P1,Avg Wait,11.786566332218499
198,P1,Avg Wait,13.438306451612878
199,P1,Avg Wait,11.456448202959828
200,P1,Max Wait,181.05
201,P1,Max Wait,123.8
202,P1,Max Wait,250.45
203,P1,Max Wait,275.9
204,P1,Max Wait,300.05
205,P1,Max Wait,216.3
206,P1,Max Wait,128.3
207,P1,Max Wait,300.05
208,P1,Max Wait,593.45
209,P1,Max Wait,122.2
210,P1,Max Wait,300.05
211,P1,Max Wait,305.5
212,P1,Max Wait,307.7
213,P1,Max Wait,300.05
214,P1,Max Wait,556.2
215,P1,Max Wait,176.25
216,P1,Max Wait,242.6
217,P1,Max Wait,147.25
218,P1,Max Wait,591.4
219,P1,Max Wait,300.05
220,P1,Max Wait,300.05
221,P1,Max Wait,300.05
222,P1,Max Wait,300.05
223,P1,Max Wait,300.05
224,P1,Max Wait,300.05
225,P1,Max Wait,119.4
226,P1,Max Wait,559.9
227,P1,Max Wait,137.7
228,P1,Max Wait,268.0
229,P1,Max Wait,300.05
230,P1,Max Wait,298.5
231,P1,Max Wait,150.65
232,P1,Max Wait,591.0
233,P1,Max Wait,356.0
234,P1,Max Wait,290.75
235,P1,Max Wait,255.55
236,P1,Max Wait,300.05
237,P1,Max Wait,202.45
238,P1,Max Wait,300.05
239,P1,Max Wait,194.8
240,P1,Max Wait,595.0
241,P1,Max Wait,162.0
242,P1,Max Wait,220.2
243,P1,Max Wait,592.75
244,P1,Max Wait,217.5
245,P1,Max Wait,300.05
246,P1,Max Wait,278.1
247,P1,Max Wait,594.4
248,P1,Max Wait,300.05
249,P1,Max Wait,300.05
250,P1,Max Wait,300.05
251,P1,Max Wait,126.0
252,P1,Max Wait,305.85
253,P1,Max Wait,891.45
254,P1,Max Wait,594.15
255,P1,Max Wait,118.85
256,P1,Max Wait,153.95
257,P1,Max Wait,300.05
258,P1,Max Wait,161.4
259,P1,Max Wait,300.05
260,P1,Max Wait,143.25
261,P1,Max Wait,300.05
262,P1,Max Wait,300.05
263,P1,Max Wait,189.0
264,P1,Max Wait,612.55
265,P1,Max Wait,117.45
266,P1,Max Wait,224.2
267,P1,Max Wait,160.1
268,P1,Max Wait,312.75
269,P1,Max Wait,309.95
270,P1,Max Wait,300.05
271,P1,Max Wait,307.5
272,P1,Max Wait,300.05
273,P1,Max Wait,134.75
274,P1,Max Wait,300.05
275,P1,Max Wait,154.4
276,P1,Max Wait,300.05
277,P1,Max Wait,300.05
278,P1,Max Wait,228.25
279,P1,Max Wait,309.9
280,P1,Max Wait,627.9
281,P1,Max Wait,174.3
282,P1,Max Wait,300.05
283,P1,Max Wait,300.05
284,P1,Max Wait,300.05
285,P1,Max Wait,418.8
286,P1,Max Wait,300.05
287,P1,Max Wait,300.05
288,P1,Max Wait,300.05
289,P1,Max Wait,300.05
290,P1,Max Wait,169.0
291,P1,Max Wait,300.05
292,P1,Max Wait,300.05
293,P1,Max Wait,300.05
294,P1,Max Wait,192.7
295,P1,Max Wait,149.75
296,P1,Max Wait,184.45
297,P1,Max Wait,209.8
298,P1,Max Wait,300.05
299,P1,Max Wait,159.0
300,P2,Reward,-1666.0
301,P2,Reward,-1955.0
302,P2,Reward,-1373.0
303,P2,Reward,-1832.0
304,P2,Reward,-2281.0
305,P2,Reward,-1832.0
306,P2,Reward,-1749.0
307,P2,Reward,-1521.0
308,P2,Reward,-2187.0
309,P2,Reward,-1640.0
310,P2,Reward,-1575.0
311,P2,Reward,-1415.0
312,P2,Reward,-1428.0
313,P2,Reward,-1525.0
314,P2,Reward,-1654.0
315,P2,Reward,-1729.0
316,P2,Reward,-1533.0
317,P2,Reward,-1846.0
318,P2,Reward,-1788.0
319,P2,Reward,-1987.0
320,P2,Reward,-1632.0
321,P2,Reward,-2120.0
322,P2,Reward,-1638.0
323,P2,Reward,-1569.0
324,P2,Reward,-1413.0
325,P2,Reward,-1788.0
326,P2,Reward,-1527.0
327,P2,Reward,-1619.0
328,P2,Reward,-1671.0
329,P2,Reward,-1585.0
330,P2,Reward,-1522.0
331,P2,Reward,-2021.0
332,P2,Reward,-1634.0
333,P2,Reward,-1507.0
334,P2,Reward,-2113.0
335,P2,Reward,-1627.0
336,P2,Reward,-1896.0
337,P2,Reward,-1625.0
338,P2,Reward,-1481.0
339,P2,Reward,-1845.0
340,P2,Reward,-1871.0
341,P2,Reward,-1834.0
342,P2,Reward,-1469.0
343,P2,Reward,-1543.0
344,P2,Reward,-1564.0
345,P2,Reward,-1735.0
346,P2,Reward,-1597.0
347,P2,Reward,-1463.0
348,P2,Reward,-1613.0
349,P2,Reward,-1756.0
350,P2,Reward,-1707.0
351,P2,Reward,-2189.0
352,P2,Reward,-1441.0
353,P2,Reward,-5374.0
354,P2,Reward,-1348.0
355,P2,Reward,-1700.0
356,P2,Reward,-1697.0
357,P2,Reward,-1370.0
358,P2,Reward,-1756.0
359,P2,Reward,-1860.0
360,P2,Reward,-1359.0
361,P2,Reward,-1565.0
362,P2,Reward,-1516.0
363,P2,Reward,-1453.0
364,P2,Reward,-1550.0
365,P2,Reward,-1611.0
366,P2,Reward,-1623.0
367,P2,Reward,-2966.0
368,P2,Reward,-1882.0
369,P2,Reward,-2222.0
370,P2,Reward,-2048.0
371,P2,Reward,-2529.0
372,P2,Reward,-1505.0
373,P2,Reward,-1681.0
374,P2,Reward,-1521.0
375,P2,Reward,-1610.0
376,P2,Reward,-1566.0
377,P2,Reward,-1363.0
378,P2,Reward,-2066.0
379,P2,Reward,-1778.0
380,P2,Reward,-2043.0
381,P2,Reward,-1611.0
382,P2,Reward,-1673.0
383,P2,Reward,-1341.0
384,P2,Reward,-1552.0
385,P2,Reward,-1781.0
386,P2,Reward,-1424.0
387,P2,Reward,-1521.0
388,P2,Reward,-1803.0
389,P2,Reward,-1441.0
390,P2,Reward,-1904.0
391,P2,Reward,-1563.0
392,P2,Reward,-1444.0
393,P2,Reward,-1358.0
394,P2,Reward,-1767.0
395,P2,Reward,-1680.0
396,P2,Reward,-1798.0
397,P2,Reward,-1676.0
398,P2,Reward,-1740.0
399,P2,Reward,-1721.0
400,P2,Avg Wait,15.28450460829494
401,P2,Avg Wait,17.281452513966475
402,P2,Avg Wait,13.19045346062054
403,P2,Avg Wait,16.717657142857128
404,P2,Avg Wait,19.873289183222962
405,P2,Avg Wait,16.286569579288027
406,P2,Avg Wait,15.18489247311828
407,P2,Avg Wait,13.975251959686462
408,P2,Avg Wait,18.79494565217392
409,P2,Avg Wait,14.153850267379683
410,P2,Avg Wait,14.063207547169815
411,P2,Avg Wait,13.701283547257876
412,P2,Avg Wait,13.465874855156445
413,P2,Avg Wait,14.06989853438557
414,P2,Avg Wait,14.25148936170211
415,P2,Avg Wait,15.953679906542073
416,P2,Avg Wait,15.712484700122408
417,P2,Avg Wait,16.749276974416045
418,P2,Avg Wait,16.542718998862373
419,P2,Avg Wait,18.7623543123543
420,P2,Avg Wait,14.670874316939887
421,P2,Avg Wait,19.478717366628842
422,P2,Avg Wait,14.98520408163264
423,P2,Avg Wait,14.17881637168142
424,P2,Avg Wait,12.644573643410851
425,P2,Avg Wait,16.542718998862373
426,P2,Avg Wait,14.150401376146771
427,P2,Avg Wait,13.99263271939329
428,P2,Avg Wait,14.885201305767156
429,P2,Avg Wait,14.43684807256236
430,P2,Avg Wait,13.17816216216216
431,P2,Avg Wait,16.569363256784975
432,P2,Avg Wait,14.80559284116331
433,P2,Avg Wait,14.049942196531793
434,P2,Avg Wait,18.74619318181819
435,P2,Avg Wait,14.653678929765876
436,P2,Avg Wait,17.008214676889384
437,P2,Avg Wait,14.757660818713449
438,P2,Avg Wait,13.985300925925928
439,P2,Avg Wait,16.224295377677556
440,P2,Avg Wait,16.32541620421754
441,P2,Avg Wait,17.143428571428547
442,P2,Avg Wait,13.887921022067362
443,P2,Avg Wait,14.372317351598161
444,P2,Avg Wait,14.111595022624424
445,P2,Avg Wait,16.571983758700675
446,P2,Avg Wait,15.234426229508209
447,P2,Avg Wait,14.424085005903189
448,P2,Avg Wait,14.490935005701251
449,P2,Avg Wait,16.179807692307694
450,P2,Avg Wait,15.868556701030915
451,P2,Avg Wait,19.05855704697989
452,P2,Avg Wait,13.000285388127843
453,P2,Avg Wait,40.604440961337524
454,P2,Avg Wait,13.033171324422856
455,P2,Avg Wait,15.88303886925795
456,P2,Avg Wait,15.165470852017943
457,P2,Avg Wait,13.378242424242432
458,P2,Avg Wait,16.16728603603603
459,P2,Avg Wait,16.962969283276443
460,P2,Avg Wait,13.093088942307698
461,P2,Avg Wait,14.435136674259674
462,P2,Avg Wait,14.564583333333333
463,P2,Avg Wait,14.226099881093928
464,P2,Avg Wait,13.466922234392118
465,P2,Avg Wait,14.36969532100109
466,P2,Avg Wait,14.667614269788174
467,P2,Avg Wait,25.45553121577217
468,P2,Avg Wait,16.99038031319911
469,P2,Avg Wait,18.93199999999997
470,P2,Avg Wait,17.90265486725665
471,P2,Avg Wait,22.136599763872503
472,P2,Avg Wait,14.720275119617222
473,P2,Avg Wait,15.128459821428581
474,P2,Avg Wait,14.157388316151184
475,P2,Avg Wait,14.517699115044243
476,P2,Avg Wait,14.173055242390086
477,P2,Avg Wait,13.127685950413223
478,P2,Avg Wait,18.314317673378106
479,P2,Avg Wait,16.064866369710472
480,P2,Avg Wait,17.597499999999997
481,P2,Avg Wait,14.78114382785957
482,P2,Avg Wait,15.348954703832726
483,P2,Avg Wait,13.091011904761917
484,P2,Avg Wait,14.397714285714272
485,P2,Avg Wait,15.364999999999991
486,P2,Avg Wait,13.205938914027165
487,P2,Avg Wait,14.505410225921512
488,P2,Avg Wait,15.56398488120949
489,P2,Avg Wait,14.364543269230767
490,P2,Avg Wait,17.944087256027572
491,P2,Avg Wait,14.164776444929108
492,P2,Avg Wait,13.598152424942256
493,P2,Avg Wait,13.582729468599027
494,P2,Avg Wait,15.760508474576246
495,P2,Avg Wait,15.49591121495328
496,P2,Avg Wait,16.224770114942512
497,P2,Avg Wait,15.175701459034785
498,P2,Avg Wait,15.4088
499,P2,Avg Wait,16.342285041224955
500,P2,Max Wait,304.15
501,P2,Max Wait,591.85
502,P2,Max Wait,215.15
503,P2,Max Wait,178.3
504,P2,Max Wait,877.7
505,P2,Max Wait,300.05
506,P2,Max Wait,313.95
507,P2,Max Wait,153.6
508,P2,Max Wait,302.2
509,P2,Max Wait,143.9
510,P2,Max Wait,220.55
511,P2,Max Wait,141.1
512,P2,Max Wait,166.25
513,P2,Max Wait,142.35
514,P2,Max Wait,300.05
515,P2,Max Wait,300.05
516,P2,Max Wait,266.1
517,P2,Max Wait,270.25
518,P2,Max Wait,299.75
519,P2,Max Wait,533.25
520,P2,Max Wait,256.4
521,P2,Max Wait,320.95
522,P2,Max Wait,300.05
523,P2,Max Wait,297.85
524,P2,Max Wait,300.05
525,P2,Max Wait,299.75
526,P2,Max Wait,300.05
527,P2,Max Wait,301.35
528,P2,Max Wait,222.15
529,P2,Max Wait,302.7
530,P2,Max Wait,142.4
531,P2,Max Wait,584.15
532,P2,Max Wait,176.8
533,P2,Max Wait,300.05
534,P2,Max Wait,795.95
535,P2,Max Wait,300.05
536,P2,Max Wait,182.5
537,P2,Max Wait,601.15
538,P2,Max Wait,207.75
539,P2,Max Wait,300.05
540,P2,Max Wait,160.7
541,P2,Max Wait,124.15
542,P2,Max Wait,300.05
543,P2,Max Wait,209.75
544,P2,Max Wait,598.7
545,P2,Max Wait,320.55
546,P2,Max Wait,182.4
547,P2,Max Wait,177.3
548,P2,Max Wait,568.25
549,P2,Max Wait,200.4
550,P2,Max Wait,350.3
551,P2,Max Wait,246.3
552,P2,Max Wait,300.05
553,P2,Max Wait,615.95
554,P2,Max Wait,591.25
555,P2,Max Wait,169.85
556,P2,Max Wait,566.6
557,P2,Max Wait,140.1
558,P2,Max Wait,318.1
559,P2,Max Wait,300.05
560,P2,Max Wait,300.05
561,P2,Max Wait,169.25
562,P2,Max Wait,191.85
563,P2,Max Wait,231.75
564,P2,Max Wait,113.85
565,P2,Max Wait,258.05
566,P2,Max Wait,300.05
567,P2,Max Wait,300.05
568,P2,Max Wait,300.05
569,P2,Max Wait,605.45
570,P2,Max Wait,300.05
571,P2,Max Wait,858.3
572,P2,Max Wait,583.7
573,P2,Max Wait,300.05
574,P2,Max Wait,312.4
575,P2,Max Wait,300.05
576,P2,Max Wait,273.05
577,P2,Max Wait,153.75
578,P2,Max Wait,314.15
579,P2,Max Wait,265.35
580,P2,Max Wait,145.1
581,P2,Max Wait,300.05
582,P2,Max Wait,596.3
583,P2,Max Wait,155.6
584,P2,Max Wait,238.8
585,P2,Max Wait,189.25
586,P2,Max Wait,301.15
587,P2,Max Wait,304.0
588,P2,Max Wait,588.95
589,P2,Max Wait,271.2
590,P2,Max Wait,300.05
591,P2,Max Wait,259.85
592,P2,Max Wait,264.8
593,P2,Max Wait,300.05
594,P2,Max Wait,595.85
595,P2,Max Wait,314.95
596,P2,Max Wait,596.2
597,P2,Max Wait,291.6
598,P2,Max Wait,314.0
599,P2,Max Wait,300.05
600,P3,Reward,-2307.0
601,P3,Reward,-1898.0
602,P3,Reward,-1855.0
603,P3,Reward,-1612.0
604,P3,Reward,-1669.0
605,P3,Reward,-1838.0
606,P3,Reward,-1662.0
607,P3,Reward,-1913.0
608,P3,Reward,-1927.0
609,P3,Reward,-1910.0
610,P3,Reward,-1646.0
611,P3,Reward,-1531.0
612,P3,Reward,-1673.0
613,P3,Reward,-1675.0
614,P3,Reward,-1984.0
615,P3,Reward,-1596.0
616,P3,Reward,-2053.0
617,P3,Reward,-1855.0
618,P3,Reward,-1698.0
619,P3,Reward,-2105.0
620,P3,Reward,-1796.0
621,P3,Reward,-1698.0
622,P3,Reward,-1858.0
623,P3,Reward,-1784.0
624,P3,Reward,-1907.0
625,P3,Reward,-1817.0
626,P3,Reward,-1665.0
627,P3,Reward,-1719.0
628,P3,Reward,-2278.0
629,P3,Reward,-3685.0
630,P3,Reward,-1858.0
631,P3,Reward,-2091.0
632,P3,Reward,-1838.0
633,P3,Reward,-1555.0
634,P3,Reward,-1694.0
635,P3,Reward,-2036.0
636,P3,Reward,-1985.0
637,P3,Reward,-1531.0
638,P3,Reward,-2715.0
639,P3,Reward,-2211.0
640,P3,Reward,-1633.0
641,P3,Reward,-1502.0
642,P3,Reward,-1678.0
643,P3,Reward,-1773.0
644,P3,Reward,-1755.0
645,P3,Reward,-1986.0
646,P3,Reward,-1817.0
647,P3,Reward,-1870.0
648,P3,Reward,-1666.0
649,P3,Reward,-1740.0
650,P3,Reward,-2011.0
651,P3,Reward,-1751.0
652,P3,Reward,-1717.0
653,P3,Reward,-1628.0
654,P3,Reward,-1465.0
655,P3,Reward,-1491.0
656,P3,Reward,-1771.0
657,P3,Reward,-1661.0
658,P3,Reward,-1915.0
659,P3,Reward,-2060.0
660,P3,Reward,-1934.0
661,P3,Reward,-1790.0
662,P3,Reward,-1530.0
663,P3,Reward,-1612.0
664,P3,Reward,-1650.0
665,P3,Reward,-1567.0
666,P3,Reward,-30199.0
667,P3,Reward,-1781.0
668,P3,Reward,-1639.0
669,P3,Reward,-1777.0
670,P3,Reward,-2204.0
671,P3,Reward,-2117.0
672,P3,Reward,-1477.0
673,P3,Reward,-1682.0
674,P3,Reward,-1629.0
675,P3,Reward,-1851.0
676,P3,Reward,-1994.0
677,P3,Reward,-1965.0
678,P3,Reward,-1636.0
679,P3,Reward,-1605.0
680,P3,Reward,-1647.0
681,P3,Reward,-1699.0
682,P3,Reward,-1609.0
683,P3,Reward,-2007.0
684,P3,Reward,-2141.0
685,P3,Reward,-1312.0
686,P3,Reward,-1808.0
687,P3,Reward,-1747.0
688,P3,Reward,-1499.0
689,P3,Reward,-1856.0
690,P3,Reward,-1360.0
691,P3,Reward,-1884.0
692,P3,Reward,-1982.0
693,P3,Reward,-91576.0
694,P3,Reward,-1924.0
695,P3,Reward,-1881.0
696,P3,Reward,-1743.0
697,P3,Reward,-1650.0
698,P3,Reward,-1670.0
699,P3,Reward,-1750.0
700,P3,Avg Wait,17.889649999999993
701,P3,Avg Wait,15.115296367112808
702,P3,Avg Wait,15.358755060728743
703,P3,Avg Wait,13.480833333333335
704,P3,Avg Wait,13.792857142857144
705,P3,Avg Wait,14.315492277992291
706,P3,Avg Wait,13.407707707707717
707,P3,Avg Wait,14.983266533066116
708,P3,Avg Wait,15.276034308779025
709,P3,Avg Wait,14.956069651741274
710,P3,Avg Wait,13.477587991718416
711,P3,Avg Wait,12.636638830897708
712,P3,Avg Wait,13.85372670807453
713,P3,Avg Wait,13.950760649087234
714,P3,Avg Wait,15.527059386973189
715,P3,Avg Wait,13.485527690700115
716,P3,Avg Wait,16.442246520874765
717,P3,Avg Wait,15.017566191446036
718,P3,Avg Wait,13.301633663366331
719,P3,Avg Wait,16.155450941526258
720,P3,Avg Wait,14.561088709677414
721,P3,Avg Wait,13.032653061224492
722,P3,Avg Wait,14.938264794383146
723,P3,Avg Wait,14.430351758793972
724,P3,Avg Wait,14.917658536585368
725,P3,Avg Wait,14.937613751263902
726,P3,Avg Wait,13.505312810327705
727,P3,Avg Wait,14.353059071729952
728,P3,Avg Wait,17.046757018393034
729,P3,Avg Wait,27.189923224568123
730,P3,Avg Wait,15.156747230614302
731,P3,Avg Wait,17.01142131979694
732,P3,Avg Wait,14.615953109072386
733,P3,Avg Wait,13.207983193277304
734,P3,Avg Wait,12.658575581395358
735,P3,Avg Wait,16.27135777998017
736,P3,Avg Wait,15.956800391389436
737,P3,Avg Wait,13.125976768743401
738,P3,Avg Wait,19.872119140625
739,P3,Avg Wait,17.052451923076923
740,P3,Avg Wait,13.919835560123339
741,P3,Avg Wait,13.042032085561491
742,P3,Avg Wait,13.3818407960199
743,P3,Avg Wait,13.984033203125007
744,P3,Avg Wait,13.518075801749271
745,P3,Avg Wait,15.738735177865609
746,P3,Avg Wait,14.58641851106641
747,P3,Avg Wait,14.847447447447438
748,P3,Avg Wait,13.696413934426225
749,P3,Avg Wait,14.127772073921976
750,P3,Avg Wait,16.616289825282625
751,P3,Avg Wait,14.858853633572165
752,P3,Avg Wait,13.349656188605117
753,P3,Avg Wait,13.699102428722288
754,P3,Avg Wait,12.193207941483813
755,P3,Avg Wait,13.181516853932592
756,P3,Avg Wait,14.282007952286289
757,P3,Avg Wait,13.347355289421145
758,P3,Avg Wait,14.849897645854654
759,P3,Avg Wait,16.138135593220333
760,P3,Avg Wait,14.77932367149756
761,P3,Avg Wait,14.89407826982492
762,P3,Avg Wait,13.66167209554831
763,P3,Avg Wait,12.813595166163134
764,P3,Avg Wait,13.34532338308458
765,P3,Avg Wait,12.639788732394377
766,P3,Avg Wait,166.57973345588255
767,P3,Avg Wait,14.167733739837386
768,P3,Avg Wait,13.358633093525173
769,P3,Avg Wait,14.247847847847856
770,P3,Avg Wait,17.210333006856022
771,P3,Avg Wait,17.14055555555557
772,P3,Avg Wait,12.040478615071292
773,P3,Avg Wait,13.747155688622767
774,P3,Avg Wait,13.167522211253708
775,P3,Avg Wait,15.135626911314988
776,P3,Avg Wait,15.787068114511351
777,P3,Avg Wait,15.616363636363637
778,P3,Avg Wait,13.550509164969444
779,P3,Avg Wait,13.230879345603267
780,P3,Avg Wait,13.247672064777342
781,P3,Avg Wait,13.748961424332341
782,P3,Avg Wait,12.9104674796748
783,P3,Avg Wait,15.777898909811702
784,P3,Avg Wait,16.77962962962962
785,P3,Avg Wait,10.705906735751297
786,P3,Avg Wait,14.257569913211187
787,P3,Avg Wait,14.277632898696096
788,P3,Avg Wait,12.65271682340648
789,P3,Avg Wait,15.101104417670692
790,P3,Avg Wait,11.76139037433155
791,P3,Avg Wait,15.047908163265296
792,P3,Avg Wait,15.137342386032985
793,P3,Avg Wait,413.6029292929289
794,P3,Avg Wait,14.765231788079477
795,P3,Avg Wait,15.120176297747296
796,P3,Avg Wait,14.054137235116043
797,P3,Avg Wait,13.378673469387742
798,P3,Avg Wait,13.527249999999992
799,P3,Avg Wait,14.273700305810413
800,P3,Max Wait,325.95
801,P3,Max Wait,169.35
802,P3,Max Wait,214.1
803,P3,Max Wait,300.05
804,P3,Max Wait,187.5
805,P3,Max Wait,151.85
806,P3,Max Wait,300.05
807,P3,Max Wait,876.5
808,P3,Max Wait,927.3
809,P3,Max Wait,131.85
810,P3,Max Wait,300.05
811,P3,Max Wait,206.8
812,P3,Max Wait,300.05
813,P3,Max Wait,114.45
814,P3,Max Wait,226.3
815,P3,Max Wait,194.45
816,P3,Max Wait,308.2
817,P3,Max Wait,194.4
818,P3,Max Wait,162.35
819,P3,Max Wait,886.25
820,P3,Max Wait,300.05
821,P3,Max Wait,551.95
822,P3,Max Wait,202.3
823,P3,Max Wait,300.05
824,P3,Max Wait,147.5
825,P3,Max Wait,252.05
826,P3,Max Wait,161.0
827,P3,Max Wait,300.05
828,P3,Max Wait,330.35
829,P3,Max Wait,372.85
830,P3,Max Wait,187.35
831,P3,Max Wait,108.45
832,P3,Max Wait,635.6
833,P3,Max Wait,300.05
834,P3,Max Wait,559.25
835,P3,Max Wait,301.55
836,P3,Max Wait,174.05
837,P3,Max Wait,154.1
838,P3,Max Wait,928.9
839,P3,Max Wait,126.85
840,P3,Max Wait,300.05
841,P3,Max Wait,242.35
842,P3,Max Wait,154.4
843,P3,Max Wait,305.05
844,P3,Max Wait,300.05
845,P3,Max Wait,223.6
846,P3,Max Wait,138.7
847,P3,Max Wait,302.4
848,P3,Max Wait,305.6
849,P3,Max Wait,300.05
850,P3,Max Wait,576.05
851,P3,Max Wait,300.05
852,P3,Max Wait,306.55
853,P3,Max Wait,300.05
854,P3,Max Wait,137.0
855,P3,Max Wait,132.85
856,P3,Max Wait,149.75
857,P3,Max Wait,143.4
858,P3,Max Wait,889.0
859,P3,Max Wait,327.3
860,P3,Max Wait,625.65
861,P3,Max Wait,300.05
862,P3,Max Wait,162.1
863,P3,Max Wait,90.3
864,P3,Max Wait,97.75
865,P3,Max Wait,127.25
866,P3,Max Wait,1765.1
867,P3,Max Wait,300.05
868,P3,Max Wait,300.05
869,P3,Max Wait,306.8
870,P3,Max Wait,300.05
871,P3,Max Wait,869.75
872,P3,Max Wait,300.05
873,P3,Max Wait,300.05
874,P3,Max Wait,160.05
875,P3,Max Wait,315.85
876,P3,Max Wait,300.05
877,P3,Max Wait,312.95
878,P3,Max Wait,253.3
879,P3,Max Wait,226.35
880,P3,Max Wait,349.0
881,P3,Max Wait,196.95
882,P3,Max Wait,325.75
883,P3,Max Wait,300.05
884,P3,Max Wait,301.3
885,P3,Max Wait,139.45
886,P3,Max Wait,182.55
887,P3,Max Wait,199.2
888,P3,Max Wait,200.35
889,P3,Max Wait,300.05
890,P3,Max Wait,300.05
891,P3,Max Wait,300.05
892,P3,Max Wait,209.25
893,P3,Max Wait,1773.75
894,P3,Max Wait,171.4
895,P3,Max Wait,300.05
896,P3,Max Wait,228.8
897,P3,Max Wait,300.05
898,P3,Max Wait,249.9
899,P3,Max Wait,300.05
900,P4,Reward,-1008.0
901,P4,Reward,-936.0
902,P4,Reward,-947.0
903,P4,Reward,-1289.0
904,P4,Reward,-954.0
905,P4,Reward,-1019.0
906,P4,Reward,-1049.0
907,P4,Reward,-753.0
908,P4,Reward,-1015.0
909,P4,Reward,-1016.0
910,P4,Reward,-775.0
911,P4,Reward,-935.0
912,P4,Reward,-945.0
913,P4,Reward,-1037.0
914,P4,Reward,-1040.0
915,P4,Reward,-942.0
916,P4,Reward,-1052.0
917,P4,Reward,-1180.0
918,P4,Reward,-1016.0
919,P4,Reward,-806.0
920,P4,Reward,-1197.0
921,P4,Reward,-964.0
922,P4,Reward,-971.0
923,P4,Reward,-848.0
924,P4,Reward,-974.0
925,P4,Reward,-834.0
926,P4,Reward,-869.0
927,P4,Reward,-1042.0
928,P4,Reward,-1039.0
929,P4,Reward,-964.0
930,P4,Reward,-968.0
931,P4,Reward,-1046.0
932,P4,Reward,-1010.0
933,P4,Reward,-1451.0
934,P4,Reward,-914.0
935,P4,Reward,-898.0
936,P4,Reward,-1079.0
937,P4,Reward,-1103.0
938,P4,Reward,-1048.0
939,P4,Reward,-885.0
940,P4,Reward,-977.0
941,P4,Reward,-973.0
942,P4,Reward,-987.0
943,P4,Reward,-953.0
944,P4,Reward,-862.0
945,P4,Reward,-1020.0
946,P4,Reward,-1088.0
947,P4,Reward,-921.0
948,P4,Reward,-1027.0
949,P4,Reward,-1178.0
950,P4,Reward,-975.0
951,P4,Reward,-982.0
952,P4,Reward,-1022.0
953,P4,Reward,-1028.0
954,P4,Reward,-922.0
955,P4,Reward,-999.0
956,P4,Reward,-899.0
957,P4,Reward,-1133.0
958,P4,Reward,-837.0
959,P4,Reward,-871.0
960,P4,Reward,-906.0
961,P4,Reward,-1222.0
962,P4,Reward,-1075.0
963,P4,Reward,-1211.0
964,P4,Reward,-1042.0
965,P4,Reward,-1052.0
966,P4,Reward,-806.0
967,P4,Reward,-986.0
968,P4,Reward,-873.0
969,P4,Reward,-999.0
970,P4,Reward,-1018.0
971,P4,Reward,-1008.0
972,P4,Reward,-1019.0
973,P4,Reward,-944.0
974,P4,Reward,-1027.0
975,P4,Reward,-1133.0
976,P4,Reward,-888.0
977,P4,Reward,-964.0
978,P4,Reward,-1024.0
979,P4,Reward,-1003.0
980,P4,Reward,-923.0
981,P4,Reward,-935.0
982,P4,Reward,-1177.0
983,P4,Reward,-985.0
984,P4,Reward,-985.0
985,P4,Reward,-964.0
986,P4,Reward,-1061.0
987,P4,Reward,-790.0
988,P4,Reward,-890.0
989,P4,Reward,-1043.0
990,P4,Reward,-957.0
991,P4,Reward,-1040.0
992,P4,Reward,-1183.0
993,P4,Reward,-1027.0
994,P4,Reward,-1000.0
995,P4,Reward,-869.0
996,P4,Reward,-1402.0
997,P4,Reward,-1052.0
998,P4,Reward,-830.0
999,P4,Reward,-989.0
1000,P4,Avg Wait,12.127606461086632
1001,P4,Avg Wait,10.296644295302013
1002,P4,Avg Wait,11.149430199430197
1003,P4,Avg Wait,13.487371134020622
1004,P4,Avg Wait,10.449999999999998
1005,P4,Avg Wait,11.367399999999996
1006,P4,Avg Wait,11.757278911564617
1007,P4,Avg Wait,8.792766853932592
1008,P4,Avg Wait,11.943047752808985
1009,P4,Avg Wait,11.458710562414266
1010,P4,Avg Wait,9.327537313432831
1011,P4,Avg Wait,11.027471751412438
1012,P4,Avg Wait,9.95012903225806
1013,P4,Avg Wait,11.40627530364372
1014,P4,Avg Wait,11.750424328147107
1015,P4,Avg Wait,10.324520547945205
1016,P4,Avg Wait,11.224837027379408
1017,P4,Avg Wait,12.446710526315785
1018,P4,Avg Wait,11.492005610098179
1019,P4,Avg Wait,9.527231467473527
1020,P4,Avg Wait,13.074932975871324
1021,P4,Avg Wait,11.383771929824558
1022,P4,Avg Wait,10.916969273743018
1023,P4,Avg Wait,9.555555555555557
1024,P4,Avg Wait,11.277098674521351
1025,P4,Avg Wait,9.67468175388967
1026,P4,Avg Wait,10.403906249999999
1027,P4,Avg Wait,11.239542483660129
1028,P4,Avg Wait,10.55619469026548
1029,P4,Avg Wait,10.812865090403335
1030,P4,Avg Wait,10.841937765205088
1031,P4,Avg Wait,11.149125168236882
1032,P4,Avg Wait,11.067142857142851
1033,P4,Avg Wait,15.640568862275451
1034,P4,Avg Wait,11.208446455505285
1035,P4,Avg Wait,9.651637107776267
1036,P4,Avg Wait,11.347252010723853
1037,P4,Avg Wait,11.622427440633249
1038,P4,Avg Wait,12.119060773480658
1039,P4,Avg Wait,10.80421052631579
1040,P4,Avg Wait,10.251377952755904
1041,P4,Avg Wait,10.719594594594598
1042,P4,Avg Wait,10.495801033591734
1043,P4,Avg Wait,10.523061497326198
1044,P4,Avg Wait,9.824614305750352
1045,P4,Avg Wait,10.717929634641408
1046,P4,Avg Wait,11.64854111405836
1047,P4,Avg Wait,10.648684210526309
1048,P4,Avg Wait,11.682092696629216
1049,P4,Avg Wait,11.921373555840827
1050,P4,Avg Wait,10.512955465587046
1051,P4,Avg Wait,10.632772543741586
1052,P4,Avg Wait,10.645871559633019
1053,P4,Avg Wait,11.126417704011068
1054,P4,Avg Wait,10.171963276836156
1055,P4,Avg Wait,10.589676113360328
1056,P4,Avg Wait,10.589784172661876
1057,P4,Avg Wait,12.26669004207574
1058,P4,Avg Wait,9.829702970297033
1059,P4,Avg Wait,9.898512747875348
1060,P4,Avg Wait,10.937777777777786
1061,P4,Avg Wait,12.773568575233021
1062,P4,Avg Wait,11.412903225806458
1063,P4,Avg Wait,13.086995827538251
1064,P4,Avg Wait,11.460724043715848
1065,P4,Avg Wait,10.922807017543866
1066,P4,Avg Wait,10.038778625954208
1067,P4,Avg Wait,10.693943472409147
1068,P4,Avg Wait,9.580309423347394
1069,P4,Avg Wait,10.732559681697614
1070,P4,Avg Wait,10.855941255006675
1071,P4,Avg Wait,10.637042062415205
1072,P4,Avg Wait,11.270653685674537
1073,P4,Avg Wait,10.334421768707488
1074,P4,Avg Wait,11.221200000000005
1075,P4,Avg Wait,12.422283356258587
1076,P4,Avg Wait,10.146388101982993
1077,P4,Avg Wait,10.300203804347827
1078,P4,Avg Wait,11.914589235127487
1079,P4,Avg Wait,11.31904761904762
1080,P4,Avg Wait,10.350559440559438
1081,P4,Avg Wait,11.15554744525548
1082,P4,Avg Wait,12.91479999999997
1083,P4,Avg Wait,10.649862637362645
1084,P4,Avg Wait,11.160194174757283
1085,P4,Avg Wait,10.473673469387757
1086,P4,Avg Wait,11.629263301500677
1087,P4,Avg Wait,8.82693351424694
1088,P4,Avg Wait,10.15020689655172
1089,P4,Avg Wait,11.397936085219708
1090,P4,Avg Wait,10.648378378378382
1091,P4,Avg Wait,10.948048452220723
1092,P4,Avg Wait,12.053917910447762
1093,P4,Avg Wait,10.825131926121363
1094,P4,Avg Wait,10.681441922563428
1095,P4,Avg Wait,9.728730822873088
1096,P4,Avg Wait,15.066415868673056
1097,P4,Avg Wait,11.051742627345847
1098,P4,Avg Wait,9.411348005502063
1099,P4,Avg Wait,11.033052039381158
1100,P4,Max Wait,300.05
1101,P4,Max Wait,116.05
1102,P4,Max Wait,152.45
1103,P4,Max Wait,300.05
1104,P4,Max Wait,300.05
1105,P4,Max Wait,300.05
1106,P4,Max Wait,300.05
1107,P4,Max Wait,100.7
1108,P4,Max Wait,300.05
1109,P4,Max Wait,300.05
1110,P4,Max Wait,110.75
1111,P4,Max Wait,200.3
1112,P4,Max Wait,181.9
1113,P4,Max Wait,144.45
1114,P4,Max Wait,570.3
1115,P4,Max Wait,300.05
1116,P4,Max Wait,152.4
1117,P4,Max Wait,594.15
1118,P4,Max Wait,300.05
1119,P4,Max Wait,300.05
1120,P4,Max Wait,365.25
1121,P4,Max Wait,300.05
1122,P4,Max Wait,135.15
1123,P4,Max Wait,300.05
1124,P4,Max Wait,300.05
1125,P4,Max Wait,144.15
1126,P4,Max Wait,300.05
1127,P4,Max Wait,226.6
1128,P4,Max Wait,300.05
1129,P4,Max Wait,300.05
1130,P4,Max Wait,300.05
1131,P4,Max Wait,300.05
1132,P4,Max Wait,309.0
1133,P4,Max Wait,861.5
1134,P4,Max Wait,300.05
1135,P4,Max Wait,300.05
1136,P4,Max Wait,300.05
1137,P4,Max Wait,300.05
1138,P4,Max Wait,244.4
1139,P4,Max Wait,170.1
1140,P4,Max Wait,300.05
1141,P4,Max Wait,230.8
1142,P4,Max Wait,139.85
1143,P4,Max Wait,183.05
1144,P4,Max Wait,142.6
1145,P4,Max Wait,574.2
1146,P4,Max Wait,300.05
1147,P4,Max Wait,300.05
1148,P4,Max Wait,305.1
1149,P4,Max Wait,300.05
1150,P4,Max Wait,103.6
1151,P4,Max Wait,199.8
1152,P4,Max Wait,300.05
1153,P4,Max Wait,300.05
1154,P4,Max Wait,300.05
1155,P4,Max Wait,300.05
1156,P4,Max Wait,160.7
1157,P4,Max Wait,302.05
1158,P4,Max Wait,144.0
1159,P4,Max Wait,300.05
1160,P4,Max Wait,150.05
1161,P4,Max Wait,586.55
1162,P4,Max Wait,595.95
1163,P4,Max Wait,579.45
1164,P4,Max Wait,300.05
1165,P4,Max Wait,589.35
1166,P4,Max Wait,300.05
1167,P4,Max Wait,148.45
1168,P4,Max Wait,300.05
1169,P4,Max Wait,209.75
1170,P4,Max Wait,300.05
1171,P4,Max Wait,589.1
1172,P4,Max Wait,172.35
1173,P4,Max Wait,161.4
1174,P4,Max Wait,166.95
1175,P4,Max Wait,313.6
1176,P4,Max Wait,300.05
1177,P4,Max Wait,584.9
1178,P4,Max Wait,327.55
1179,P4,Max Wait,300.05
1180,P4,Max Wait,119.75
1181,P4,Max Wait,300.05
1182,P4,Max Wait,399.05
1183,P4,Max Wait,320.05
1184,P4,Max Wait,300.05
1185,P4,Max Wait,128.35
1186,P4,Max Wait,300.05
1187,P4,Max Wait,109.95
1188,P4,Max Wait,174.15
1189,P4,Max Wait,300.05
1190,P4,Max Wait,152.9
1191,P4,Max Wait,338.55
1192,P4,Max Wait,155.6
1193,P4,Max Wait,300.05
1194,P4,Max Wait,300.05
1195,P4,Max Wait,96.4
1196,P4,Max Wait,360.8
1197,P4,Max Wait,300.05
1198,P4,Max Wait,140.5
1199,P4,Max Wait,305.75
